ID,FullName,Location,Latitude,Longitude,Elevation,StartDate,LR,SurfaceType,TopographyType,RuralUrban,Comment,TimeResolution
ALE,Alert,"Canada, Lincoln Sea",82.49,-62.42,127.0,2004-08-16,LR0300,tundra,hilly,rural,Closed,1
ASP,Alice Springs,"Australia, Northern Territory",-23.798000000000002,133.888,547.0,1995-01-01,,grass,flat,rural,,1
BAR,Barrow,"USA , Alaska",71.32300000000001,-156.607,8.0,1992-01-01,LR0300,tundra,flat,rural,,1
BER,Bermuda,"USA, Bermuda",32.266999999999996,-64.667,8.0,1992-01-01,,"water, ocean",flat,rural,,1
BIL,Billings,"USA, Oklahoma",36.605,-97.516,317.0,1993-06-01,,grass,flat,rural,,1
BON,Bondville,"USA, Illinois",40.0667,-88.3667,213.0,1995-01-01,LR3010,grass,flat,rural,,1
BOS,Boulder,"USA, Colorado",40.125,-105.23700000000001,1689.0,1995-07-01,LR3010,grass,hilly,rural,,1
BOU,Boulder,"USA, Colorado",40.05,-105.007,1577.0,1992-01-01,LR3300,grass,flat,rural,Closed in July 2016,1
BRB,Brasilia,"Brazil, Brasilia City",-15.600999999999999,-47.713,1023.0,2006-02-01,,"concrete, since 2015: shrub",flat,rural,,1
BUD,Budapest-Lorinc,"Hungary, Budapest",47.4291,19.1822,139.1,2019-06-01,LR0300,grass,flat,rural,pest-Lorinc,1
CAB,Cabauw,Netherlands,51.9711,4.9267,0.0,2005-12-01,LR0300,grass,flat,rural,,1
CAM,Camborne,United Kingdom,50.2167,-5.3167,88.0,2001-01-01,,grass,flat,rural,,1
CAP,Cape Baranova,Russia,79.27,101.75,,2016-01-01,LR0300,tundra,flat,rural,,1
CAR,Carpentras,France,44.083,5.059,100.0,1996-08-01,,cultivated,hilly,rural,Closed in Dec 2018,1
CLH,Chesapeake Light,"USA, North Atlantic Ocean",36.905,-75.71300000000001,37.0,2000-06-01,LR0300,"water, ocean",flat,rural,"Closed in Dec 2016, structural issues",1
CNR,Cener,"Spain, Navarra",42.816,-1.601,471.0,2009-07-01,,asphalt,mountain valley,urban,,1
COC,Cocos Island,"Australia, Cocos (Keeling) Islands",-12.193,96.835,6.0,2004-09-14,,grass,flat,rural,,1
DAA,De Aar,South Africa,-30.6667,23.993000000000002,1287.0,2000-05-01,,sand,flat,rural,,1
DAR,Darwin,Australia,-12.425,130.891,30.0,2002-06-01,LR3010,grass,flat,rural,Closed Jan 2015,1
DOM,"Concordia Station, Dome C",Antarctica,-75.1,123.383,3233.0,2006-01-01,LR0300,"glacier, accumulation area",flat,rural,,1
DON,Dongsha Atoll,Taiwan,20.7,116.73,2.0,,,,,,Candidate,1
DRA,Desert Rock,"USA, Nevada",36.626,-116.01799999999999,1007.0,1998-02-01,LR3010,"desert, gravel",flat,rural,,1
DWN,Darwin Met Office,Australia,-12.424000000000001,130.8925,32.0,2008-04-01,,grass,flat,rural,,1
E13,Southern Great Plains,"USA, Oklahoma",36.605,-97.485,318.0,1997-08-01,LR3010,grass,flat,rural,,1
ENA,Eastern North Atlantic,"Portugal, Azores",39.0911,-28.0292,15.2,,,grass,hilly,rural,Candidate,1
EUR,Eureka,"Canada, Ellesmere Island",79.98899999999999,-85.9404,85.0,2007-09-01,,tundra,hilly,rural,Closed,1
FLO,Florianopolis,"Brazil, South Atlantic Ocean",-27.6047,-48.5227,11.0,1994-06-01,,concrete,mountain valley,urban,,1
FPE,Fort Peck,"USA, Montana",48.3167,-105.1,634.0,1995-01-01,LR3010,grass,flat,rural,,1
FUA,Fukuoka,Japan,33.5822,130.3764,3.0,2010-04-01,,asphalt,flat,urban,,1
GAN,Gandhinagar,India,23.1101,72.6276,65.0,2014-05-19,,shrub,flat,urban,,1
GCR,Goodwin Creek,"USA, Mississippi",34.2547,-89.8729,98.0,1995-01-01,LR3010,grass,hilly,rural,,1
GIM,Granite Island,"USA, Michigan",46.721000000000004,87.411,208.0,2019-01-01,,grass,flat,urban,,1
GOB,Gobabeb,"Namibia, Namib Desert",-23.5614,15.042,407.0,2012-05-15,LR0300,desert gravel,flat,rural,,1
GUR,Gurgaon,India,28.4249,77.156,259.0,2014-04-21,,shrub,flat,urban,,1
GVN,Georg von Neumayer,"Antarctica, Dronning Maud Land",-70.65,-8.25,42.0,1992-01-01,LR0300,iceshelf,flat,rural,,1
HOW,Howrah,India,22.5535,88.3064,51.0,2014-06-15,,shrub,flat,urban,,1
ILO,Ilorin,Nigeria,8.5333,4.5667,350.0,1992-08-01,,shrub,flat,rural,"Station closed in mid-2005, no funding",1
ISH,Ishigakijima,Japan,24.3367,124.1644,5.7,2010-04-01,,asphalt,flat,rural,,1
IZA,Izaña,"Spain, Tenerife",28.3093,-16.4993,2372.9,2009-03-01,LR0300,rock,mountain top,rural,,1
KWA,Kwajalein,Marshall Islands,8.72,167.731,10.0,1992-03-01,,"water, ocean",flat,rural,Closed,1
LAU,Lauder,New Zealand,-45.045,169.68900000000002,350.0,1998-07-01,,grass,flat,rural,,1
LER,Lerwick,"United Kingdom, Shetland Island",60.1389,-1.1847,80.0,2001-01-01,,grass,hilly,rural,,1
LIN,Lindenberg,Germany,52.21,14.122,125.0,1994-09-01,,cultivated,hilly,rural,,1
LLN,Lulin,Taiwan,23.4686,120.8736,2862.0,2009-01-20,,Mixed forest,mountain top,rural,,1
LRC,Langley Research Center,"USA, Virginia",37.1038,-76.3872,3.0,2014-12-01,,grass,flat,urban,,1
LYU,Lanyu Station,Taiwan,22.037,121.5583,324.0,2018-07-01,,"forest, mixed",mountain top,rural,,1
MAN,Momote,Papua New Guinea,-2.0580000000000003,147.425,6.0,1996-09-01,,grass,flat,rural,Closed late 2013,1
MNM,Minamitorishima,"Japan, Minami-Torishima",24.2883,153.9833,7.1,2010-04-01,,water (ocean),flat,rural,,1
NAU,Nauru Island,Nauru,-0.521,166.9167,7.0,1998-11-01,,rock,flat,rural,Closed late 2013,1
NEW,Newcastle,Australia,-32.8842,151.7289,18.5,2017-09-01,,grass,hilly,urban,,1
NYA,Ny-Ålesund,"Norway, Spitsbergen",78.925,11.93,11.0,1992-08-01,LR0300,tundra,mountain valley,rural,,1
OHY,Observatory of Huancayo,Peru,-12.05,-75.32,3314.0,2017-08-01,LR0300,grass,mountain valley,rural,,1
PAL,"Palaiseau, SIRTA Observatory",France,48.713,2.208,156.0,2003-05-01,,concrete,flat,urban,,1
PAR,Paramaribo,Surinam,5.806,-55.2146,4.0,2019-01-01,,grass,flat,urban,,1
PAY,Payerne,Switzerland,46.815,6.944,491.0,1992-09-01,"LR0300,LR3010,LR3030",cultivated,hilly,rural,,1
PSU,Rock Springs,"USA, Pennsylvania",40.72,-77.9333,376.0,1998-05-01,LR3010,cultivated,mountain valley,rural,,1
PTR,Petrolina,Brazil,-9.068,-40.319,387.0,2006-12-01,,"concrete, since 2015: shrub",flat,rural,,1
REG,Regina,Canada,50.205,-104.713,578.0,1995-01-01,,cultivated,flat,rural,Closed end of 2011,1
RLM,Rolim de Moura,Brazil,-11.582,-61.773,252.0,2007-01-01,,concrete,flat,rural,Closed in 2008,1
RUN,"Reunion Island, University",Reunion,-20.9014,55.4836,116.0,2019-06-01,,concrete,flat,rural,,1
SAP,Sapporo,Japan,43.06,141.3286,17.2,2010-04-01,,asphalt,flat,urban,Closed in Dec 2020,1
SBO,Sede Boqer,Israel,30.8597,34.7794,500.0,2003-01-01,,desert rock,hilly,rural,Closed 2012,1
SEL,"Selegua, Mexico Solarimetric Station",Mexico,15.784,-91.9902,602.0,2020-01-01,LR0300,grass,flat,rural,,1
SMS,São Martinho da Serra,Brazil,-29.4428,-53.8231,489.0,2006-01-01,,"concrete, since 2015: grass",flat,rural,,1
SON,Sonnblick,Austria,47.053999999999995,12.9577,3108.9,2013-01-01,,rock,mountain top,rural,,1
SOV,Solar Village,Saudi Arabia,24.91,46.41,650.0,1998-08-01,LR3030,"desert, sand",flat,rural,Closed/no longer maintained since 2002,1
SPO,South Pole,Antarctica,-89.98299999999999,-24.799,2800.0,1992-01-01,LR0300,"glacier, accumulation area",flat,rural,,1
SXF,Sioux Falls,"USA, South Dakota",43.73,-96.62,473.0,2003-06-01,LR3010,grass,hilly,rural,,1
SYO,Syowa,Antarctica,-69.005,39.589,18.0,1994-01-01,LR0300,sea ice,hilly,rural,,1
TAM,Tamanrasset,Algeria,22.7903,5.5292,1385.0,2000-03-01,,"desert, rock",flat,rural,,1
TAT,Tateno,Japan,36.0581,140.1258,25.0,1996-02-01,LR0300,grass,flat,urban,,1
TIK,Tiksi,"Russia, Siberia",71.5862,128.9188,48.0,2010-06-08,LR0300,tundra,flat,rural,,1
TIR,Tiruvallur,India,13.0923,79.9738,36.0,2014-04-16,,rock,,urban,,1
TOR,Toravere,Estonia,58.254,26.462,70.0,1999-01-01,LR0300,grass,flat,rural,,1
XIA,Xianghe,China,39.754,116.962,32.0,2005-01-01,,"desert, rock",flat,rural,"Station obstructed, no longer in BSRN since 2016",1
YUS,Yushan Station,Taiwan,23.4876,120.9595,3858.0,2018-04-01,,"forest, mixed",mountain top,rural,,1
